attack,capture_rate,defense,height_m,hp,name,percentage_male,pokedex_number,sp_attack,sp_defense,speed,type,weight_kg,generation,is_legendary,popularity_score
49,45,49,0.7,45,Bulbasaur,88.1,1,65,65,45,grass,6.9,1,0,44.4
62,45,63,1,60,Ivysaur,88.1,2,80,80,60,grass,13,1,0,48.75
100,45,123,2,80,Venusaur,88.1,3,122,120,80,grass,100,1,0,59.75
52,45,43,0.6,39,Charmander,88.1,4,60,50,65,fire,8.5,1,0,44.45
64,45,58,1.1,58,Charmeleon,88.1,5,80,65,80,fire,19,1,0,49.25
104,45,78,1.7,78,Charizard,88.1,6,159,115,100,fire,90.5,1,0,60.7
48,45,65,0.5,44,Squirtle,88.1,7,50,64,43,water,9,1,0,43.7
63,45,80,1,59,Wartortle,88.1,8,65,80,58,water,22.5,1,0,48.25
103,45,120,1.6,79,Blastoise,88.1,9,135,115,78,water,85.5,1,0,59.5
30,255,35,0.3,45,Caterpie,50,10,20,20,45,bug,2.9,1,0,36.25
20,120,55,0.7,50,Metapod,50,11,25,25,30,bug,9.9,1,0,36.75
45,45,50,1.1,60,Butterfree,50,12,90,80,70,bug,32,1,0,46.25
35,255,30,0.3,40,Weedle,50,13,20,20,50,bug,3.2,1,0,36.25
25,120,50,0.6,45,Kakuna,50,14,25,25,35,bug,10,1,0,36.75
150,45,40,1,65,Beedrill,50,15,15,80,145,bug,29.5,1,0,51.25
45,255,40,0.3,40,Pidgey,50,16,35,35,56,normal,1.8,1,0,39.05
60,120,55,1.1,63,Pidgeotto,50,17,50,50,71,normal,30,1,0,43.95
80,45,80,1.5,83,Pidgeot,50,18,135,80,121,normal,39.5,1,0,55.45
56,255,35,,30,Rattata,50,19,25,35,72,normal,,1,0,39.15
71,127,70,,75,Raticate,50,20,40,80,77,normal,,1,0,47.15
60,255,30,0.3,40,Spearow,50,21,31,31,70,normal,2,1,0,39.6
90,90,65,1.2,65,Fearow,50,22,61,61,100,normal,38,1,0,48.6
60,255,44,2,35,Ekans,50,23,40,54,55,poison,6.9,1,0,40.9
95,90,69,3.5,60,Arbok,50,24,65,79,80,poison,65,1,0,48.9
55,190,40,0.4,35,Pikachu,50,25,50,50,90,electric,6,1,0,45.5
85,75,50,,60,Raichu,50,26,95,85,110,electric,,1,0,53.75
75,255,90,,50,Sandshrew,50,27,10,35,40,ground,,1,0,42.5
100,90,120,,75,Sandslash,50,28,25,65,65,ground,,1,0,50
47,235,52,0.4,55,Nidoran♀,0,29,40,40,41,poison,7,1,0,40.25
62,120,67,0.8,70,Nidorina,0,30,55,55,56,poison,20,1,0,44.75
92,45,87,1.3,90,Nidoqueen,0,31,75,85,76,poison,60,1,0,51.75
57,235,40,0.5,46,Nidoran♂,100,32,40,40,50,poison,9,1,0,40.15
72,120,57,0.9,61,Nidorino,100,33,55,55,65,poison,19.5,1,0,44.75
102,45,77,1.4,81,Nidoking,100,34,85,75,85,poison,62,1,0,51.75
45,150,48,0.6,70,Clefairy,24.6,35,60,65,35,fairy,7.5,1,0,51.15
70,25,73,1.3,95,Clefable,24.6,36,95,90,60,fairy,40,1,0,59.15
41,190,40,,38,Vulpix,24.6,37,50,65,65,fire,,1,0,43.95
67,75,75,,73,Ninetales,24.6,38,81,100,109,fire,,1,0,54.25
45,170,20,0.5,115,Jigglypuff,24.6,39,45,25,20,normal,5.5,1,0,40
70,50,45,1,140,Wigglytuff,24.6,40,85,50,45,normal,12,1,0,48.25
45,255,35,0.8,40,Zubat,50,41,30,40,55,poison,7.5,1,0,38.75
80,90,70,1.6,75,Golbat,50,42,65,75,90,poison,55,1,0,49.25
50,255,55,0.5,45,Oddish,50,43,75,65,30,grass,5.4,1,0,44.5
65,120,70,0.8,60,Gloom,50,44,85,75,40,grass,8.6,1,0,48.25
80,45,85,1.2,75,Vileplume,50,45,110,90,50,grass,18.6,1,0,53
70,190,55,0.3,35,Paras,50,46,45,55,25,bug,5.4,1,0,40.75
95,75,80,1,60,Parasect,50,47,60,80,30,bug,29.5,1,0,46.75
55,190,50,1,60,Venonat,50,48,40,55,45,bug,30,1,0,41.75
65,75,60,1.5,70,Venomoth,50,49,90,75,90,bug,12.5,1,0,49
55,255,30,,10,Diglett,50,50,35,45,90,ground,,1,0,40.75
100,50,60,,35,Dugtrio,50,51,50,70,110,ground,,1,0,48.75
35,255,35,,40,Meowth,50,52,50,40,90,normal,,1,0,41
60,90,60,,65,Persian,50,53,75,65,115,normal,,1,0,48.5
52,190,48,0.8,50,Psyduck,50,54,65,50,55,water,19.6,1,0,44
82,75,78,1.7,80,Golduck,50,55,95,80,85,water,76.6,1,0,53
80,190,35,0.5,40,Mankey,50,56,35,45,70,fighting,28,1,0,41.75
105,75,60,1,65,Primeape,50,57,60,70,95,fighting,32,1,0,49.25
70,190,45,0.7,55,Growlithe,75.4,58,70,50,60,fire,19,1,0,46.5
110,75,80,1.9,90,Arcanine,75.4,59,100,80,95,fire,155,1,0,56.75
50,255,40,0.6,40,Poliwag,50,60,40,40,90,water,12.4,1,0,43
65,120,65,1,65,Poliwhirl,50,61,50,50,90,water,20,1,0,47.25
95,45,95,1.3,90,Poliwrath,50,62,70,90,70,water,54,1,0,53.5
20,200,15,0.9,25,Abra,75.4,63,105,55,90,psychic,19.5,1,0,45.5
35,100,30,1.3,40,Kadabra,75.4,64,120,70,105,psychic,56.5,1,0,50
50,50,65,1.5,55,Alakazam,75.4,65,175,105,150,psychic,48,1,0,60
80,180,50,0.8,70,Machop,75.4,66,35,35,35,fighting,19.5,1,0,41.75
100,90,70,1.5,80,Machoke,75.4,67,50,60,45,fighting,70.5,1,0,46.75
130,45,80,1.6,90,Machamp,75.4,68,65,85,55,fighting,130,1,0,51.75
75,255,35,0.7,50,Bellsprout,50,69,70,30,40,grass,4,1,0,43.5
90,120,50,1,65,Weepinbell,50,70,85,45,55,grass,6.4,1,0,48
105,45,65,1.7,80,Victreebel,50,71,100,70,70,grass,15.5,1,0,53
40,190,35,0.9,40,Tentacool,50,72,50,100,70,water,45.5,1,0,44.75
70,60,65,1.6,80,Tentacruel,50,73,80,120,100,water,55,1,0,53.75
80,255,100,,40,Geodude,50,74,30,30,20,rock,,1,0,42
95,120,115,,55,Graveler,50,75,45,45,35,rock,,1,0,46.5
120,45,130,,80,Golem,50,76,55,65,45,rock,,1,0,51.75
85,190,55,1,50,Ponyta,50,77,65,65,90,fire,30,1,0,49.5
100,60,70,1.7,65,Rapidash,50,78,80,80,105,fire,95,1,0,54
65,190,65,1.2,90,Slowpoke,50,79,40,40,15,water,36,1,0,43.75
75,75,180,1.6,95,Slowbro,50,80,130,80,30,water,78.5,1,0,57.5
35,190,70,0.3,25,Magnemite,,81,95,55,45,electric,6,1,0,45.75
60,60,95,1,50,Magneton,,82,120,70,70,electric,60,1,0,52.75
90,45,55,0.8,52,Farfetch'd,50,83,58,62,60,normal,15,1,0,45.35
85,190,45,1.4,35,Doduo,50,84,35,35,75,normal,39.2,1,0,42
110,45,70,1.8,60,Dodrio,50,85,60,60,110,normal,85.2,1,0,50
45,190,55,1.1,65,Seel,50,86,45,70,45,water,90,1,0,44.25
70,75,80,1.7,90,Dewgong,50,87,70,95,70,water,120,1,0,51.75
80,190,50,,80,Grimer,50,88,40,50,25,poison,,1,0,42.75
105,75,75,,105,Muk,50,89,65,100,50,poison,,1,0,51.5
65,190,100,0.3,30,Shellder,50,90,45,25,40,water,4,1,0,43.25
95,60,180,1.5,50,Cloyster,50,91,85,45,70,water,132.5,1,0,54.25
35,190,30,1.3,30,Gastly,50,92,100,35,80,ghost,0.1,1,0,49.5
50,90,45,1.6,45,Haunter,50,93,115,55,95,ghost,0.1,1,0,54.25
65,45,80,1.5,60,Gengar,50,94,170,95,130,ghost,40.5,1,0,64
45,45,160,8.8,35,Onix,50,95,30,45,70,rock,210,1,0,46.25
48,190,45,1,60,Drowzee,50,96,43,90,42,psychic,32.4,1,0,46.4
73,75,70,1.6,85,Hypno,50,97,73,115,67,psychic,75.6,1,0,54.15
105,225,90,0.4,30,Krabby,50,98,25,25,50,water,6.5,1,0,44.25
130,60,115,1.3,55,Kingler,50,99,50,50,75,water,60,1,0,51.75
30,190,50,0.5,40,Voltorb,,100,55,55,100,electric,10.4,1,0,46
50,60,70,1.2,60,Electrode,,101,80,80,150,electric,66.6,1,0,54
40,90,80,0.4,60,Exeggcute,50,102,60,45,40,grass,2.5,1,0,44.75
105,45,85,,95,Exeggutor,50,103,125,75,45,grass,,1,0,55
50,190,95,0.4,50,Cubone,50,104,40,50,35,ground,6.5,1,0,43.5
80,75,110,,60,Marowak,50,105,50,80,45,ground,,1,0,48.75
120,45,53,1.5,50,Hitmonlee,100,106,35,110,87,fighting,49.8,1,0,49.25
105,45,79,1.4,50,Hitmonchan,100,107,35,110,76,fighting,50.2,1,0,49.25
55,45,75,1.2,90,Lickitung,50,108,60,75,30,normal,65.5,1,0,45.75
65,190,95,0.6,40,Koffing,50,109,60,45,35,poison,1,1,0,43.5
90,60,120,1.2,65,Weezing,50,110,85,70,60,poison,9.5,1,0,51
85,120,95,1,80,Rhyhorn,50,111,30,30,25,ground,115,1,0,44.75
130,60,120,1.9,105,Rhydon,50,112,45,45,40,ground,120,1,0,51.75
5,30,5,1.1,250,Chansey,0,113,35,105,50,normal,34.6,1,0,49
55,45,115,1,65,Tangela,50,114,100,40,60,grass,35,1,0,50.25
125,45,100,2.2,105,Kangaskhan,0,115,60,100,100,normal,80,1,0,56
40,225,70,0.4,30,Horsea,50,116,70,25,60,water,8,1,0,42.75
65,75,95,1.2,55,Seadra,50,117,95,45,85,water,25,1,0,50
67,225,60,0.6,45,Goldeen,50,118,35,50,63,water,15,1,0,44
92,60,65,1.3,80,Seaking,50,119,65,80,68,water,39,1,0,50.5
45,225,55,0.8,30,Staryu,,120,70,55,85,water,34.5,1,0,45
75,60,85,1.1,60,Starmie,,121,100,85,115,water,80,1,0,54
45,45,65,1.3,40,Mr. Mime,50,122,100,120,90,psychic,54.5,1,0,53
110,45,80,1.5,70,Scyther,50,123,55,80,105,bug,56,1,0,51.5
50,45,35,1.4,65,Jynx,0,124,115,95,95,ice,40.6,1,0,55.75
83,45,57,1.1,65,Electabuzz,75.4,125,95,85,105,electric,30,1,0,54
95,45,57,1.3,65,Magmar,75.4,126,100,85,93,fire,44.5,1,0,53.75
155,45,120,1.5,65,Pinsir,50,127,65,90,105,bug,55,1,0,56.5
100,45,95,1.4,75,Tauros,100,128,40,70,110,normal,88.4,1,0,51
10,255,55,0.9,20,Magikarp,50,129,15,20,80,water,10,1,0,38
155,45,109,6.5,95,Gyarados,50,130,70,130,81,water,235,1,0,60
85,45,80,2.5,130,Lapras,50,131,85,95,60,water,220,1,0,54.75
48,35,48,0.3,48,Ditto,,132,48,48,48,normal,4,1,0,40.9
55,45,50,0.3,55,Eevee,88.1,133,45,65,55,normal,6.5,1,0,42.75
65,45,60,1,130,Vaporeon,88.1,134,110,95,65,water,29,1,0,54.25
65,45,60,0.8,65,Jolteon,88.1,135,110,95,130,electric,24.5,1,0,55.75
130,45,60,0.9,65,Flareon,88.1,136,95,110,65,fire,25,1,0,55.25
60,45,70,0.8,65,Porygon,,137,85,75,40,normal,36.5,1,0,46.25
40,45,100,0.4,35,Omanyte,88.1,138,90,55,35,rock,7.5,1,0,44.75
60,45,125,1,70,Omastar,88.1,139,115,70,55,rock,35,1,0,51.75
80,45,90,0.5,30,Kabuto,88.1,140,55,45,55,rock,11.5,1,0,44.75
115,45,105,1.3,60,Kabutops,88.1,141,65,70,80,rock,40.5,1,0,51.75
135,45,85,1.8,80,Aerodactyl,88.1,142,70,95,150,rock,59,1,0,57.75
110,25,65,2.1,160,Snorlax,88.1,143,65,110,30,normal,460,1,0,53.5
85,3,100,1.7,90,Articuno,,144,95,125,85,ice,55.4,1,1,87
90,3,85,1.6,90,Zapdos,,145,125,90,100,electric,52.6,1,1,83.5
100,3,90,2,90,Moltres,,146,125,85,90,fire,60,1,1,83
64,45,45,1.8,41,Dratini,50,147,50,50,50,dragon,3.3,1,0,51
84,45,65,4,61,Dragonair,50,148,70,70,70,dragon,16.5,1,0,57
134,45,95,2.2,91,Dragonite,50,149,100,100,80,dragon,210,1,0,66
150,3,70,2,106,Mewtwo,,150,194,120,140,psychic,122,1,1,94
100,45,100,0.4,100,Mew,,151,100,100,100,psychic,4,1,1,85
49,45,65,0.9,45,Chikorita,88.1,152,49,65,45,grass,6.4,2,0,31.4
62,45,80,1.2,60,Bayleef,88.1,153,63,80,60,grass,15.8,2,0,35.75
82,45,100,1.8,80,Meganium,88.1,154,83,100,80,grass,100.5,2,0,41.75
52,45,43,0.5,39,Cyndaquil,88.1,155,60,50,65,fire,7.9,2,0,31.45
64,45,58,0.9,58,Quilava,88.1,156,80,65,80,fire,19,2,0,36.25
84,45,78,1.7,78,Typhlosion,88.1,157,109,85,100,fire,79.5,2,0,42.7
65,45,64,0.6,50,Totodile,88.1,158,44,48,43,water,9.5,2,0,30.7
80,45,80,1.1,65,Croconaw,88.1,159,59,63,58,water,25,2,0,35.25
105,45,100,2.3,85,Feraligatr,88.1,160,79,83,78,water,88.8,2,0,41.5
46,255,34,0.8,35,Sentret,50,161,35,45,20,normal,6,2,0,24.25
76,90,64,1.8,85,Furret,50,162,45,55,90,normal,32.5,2,0,34.25
30,255,30,0.7,60,Hoothoot,50,163,36,56,50,normal,21.2,2,0,26.6
50,90,50,1.6,100,Noctowl,50,164,86,96,70,normal,40.8,2,0,36.1
20,255,30,1,40,Ledyba,50,165,40,80,55,bug,10.8,2,0,26.75
35,90,50,1.4,55,Ledian,50,166,55,110,85,bug,35.6,2,0,33
60,255,40,0.5,40,Spinarak,50,167,40,40,30,bug,8.5,2,0,26
90,90,70,1.1,70,Ariados,50,168,60,70,40,bug,33.5,2,0,33.5
90,90,80,1.8,85,Crobat,50,169,70,80,130,poison,75,2,0,40.25
38,190,38,0.5,75,Chinchou,50,170,56,56,67,water,12,2,0,31.5
58,75,58,1.2,125,Lanturn,50,171,76,76,67,water,22.5,2,0,38
40,190,15,0.3,20,Pichu,50,172,35,35,60,electric,2,2,0,26.75
25,150,28,0.3,50,Cleffa,24.6,173,45,55,15,fairy,3,2,0,32.9
30,170,15,0.3,90,Igglybuff,24.6,174,40,20,15,normal,1,2,0,24
20,190,65,0.3,35,Togepi,88.1,175,40,65,20,fairy,1.5,2,0,34.25
40,75,85,0.6,55,Togetic,88.1,176,80,105,40,fairy,3.2,2,0,42.25
50,190,45,0.2,40,Natu,50,177,70,45,70,psychic,2,2,0,33
75,75,70,1.5,65,Xatu,50,178,95,70,95,psychic,15,2,0,40.5
40,235,40,0.6,55,Mareep,50,179,65,45,35,electric,7.8,2,0,30.5
55,120,55,0.8,70,Flaaffy,50,180,80,60,45,electric,13.3,2,0,34.75
95,45,105,1.4,90,Ampharos,50,181,165,110,45,electric,61.5,2,0,47
80,45,95,0.4,75,Bellossom,50,182,90,100,50,grass,5.8,2,0,40
20,190,50,0.4,70,Marill,50,183,20,50,40,water,8.5,2,0,27.5
50,75,80,0.8,100,Azumarill,50,184,60,80,50,water,28.5,2,0,36
100,65,115,1.2,70,Sudowoodo,50,185,30,65,30,rock,38,2,0,34.5
75,45,75,1.1,90,Politoed,50,186,90,100,70,water,33.9,2,0,40
35,255,40,0.4,35,Hoppip,50,187,35,55,50,grass,0.5,2,0,28
45,120,50,0.6,55,Skiploom,50,188,45,65,80,grass,1,2,0,32.5
55,45,70,0.8,75,Jumpluff,50,189,55,95,110,grass,3,2,0,38.5
70,45,55,0.8,55,Aipom,50,190,40,55,85,normal,11.5,2,0,31.5
30,235,30,0.3,30,Sunkern,50,191,30,30,30,grass,1.8,2,0,24.5
75,120,55,0.8,75,Sunflora,50,192,105,85,30,grass,8.5,2,0,36.75
65,75,45,1.2,65,Yanma,50,193,75,45,95,bug,38,2,0,33
45,255,45,0.4,55,Wooper,50,194,25,25,15,water,8.5,2,0,25.5
85,90,85,1.4,95,Quagsire,50,195,65,65,35,water,75,2,0,36.5
65,45,60,0.9,65,Espeon,88.1,196,130,95,110,psychic,26.5,2,0,43.25
65,45,110,1,95,Umbreon,88.1,197,60,130,65,dark,27,2,0,44.25
85,30,42,0.5,60,Murkrow,50,198,85,42,91,dark,2.1,2,0,38.25
75,70,80,2,95,Slowking,50,199,100,110,30,water,79.5,2,0,39.5
60,45,60,0.7,60,Misdreavus,50,200,85,85,85,ghost,1,2,0,42.75
72,225,48,0.5,48,Unown,,201,72,48,48,psychic,5,2,0,33.8
33,45,58,1.3,190,Wobbuffet,50,202,33,58,33,psychic,28.5,2,0,37.25
80,60,65,1.5,70,Girafarig,50,203,90,65,85,normal,41.5,2,0,36.25
65,190,90,0.6,50,Pineco,50,204,35,35,15,bug,7.2,2,0,28
90,75,140,1.2,75,Forretress,50,205,60,60,40,bug,125.8,2,0,36.75
70,190,70,1.5,100,Dunsparce,50,206,65,65,45,normal,14,2,0,34.25
75,60,105,1.1,65,Gligar,50,207,35,65,85,ground,64.8,2,0,36
125,25,230,9.2,75,Steelix,50,208,55,95,30,steel,400,2,0,49.5
80,190,50,0.6,60,Snubbull,24.6,209,40,40,30,fairy,7.8,2,0,37
120,75,75,1.4,90,Granbull,24.6,210,60,60,45,fairy,48.7,2,0,44.5
95,45,85,0.5,65,Qwilfish,50,211,55,55,85,water,3.9,2,0,37
150,25,140,1.8,70,Scizor,50,212,65,100,75,bug,118,2,0,43.5
10,190,230,0.6,20,Shuckle,50,213,10,230,5,bug,20.5,2,0,38.75
185,45,115,1.5,80,Heracross,50,214,40,105,75,bug,54,2,0,43.5
95,60,55,0.9,55,Sneasel,50,215,35,75,115,dark,28,2,0,39.5
80,120,50,0.6,60,Teddiursa,50,216,50,50,40,normal,8.8,2,0,30
130,60,75,1.8,90,Ursaring,50,217,75,75,55,normal,125.8,2,0,38.5
40,190,40,0.7,40,Slugma,50,218,70,40,20,fire,35,2,0,28.5
50,75,120,0.8,60,Magcargo,50,219,90,80,30,fire,55,2,0,37.5
50,225,40,0.4,50,Swinub,50,220,30,30,50,ice,6.5,2,0,32.5
100,75,80,1.1,100,Piloswine,50,221,60,60,50,ice,55.8,2,0,42.5
55,60,95,0.6,65,Corsola,24.6,222,65,95,35,water,5,2,0,35.5
65,190,35,0.6,35,Remoraid,50,223,65,35,65,water,12,2,0,30
105,75,75,0.9,75,Octillery,50,224,105,75,45,water,28.5,2,0,39
55,45,45,0.9,45,Delibird,50,225,65,45,75,ice,16,2,0,36.5
40,25,70,2.1,85,Mantine,50,226,80,140,70,water,220,2,0,39.25
80,25,140,1.7,65,Skarmory,50,227,40,70,70,steel,50.5,2,0,42.25
60,120,30,0.6,45,Houndour,50,228,80,50,65,dark,10.8,2,0,34.5
90,45,90,1.4,75,Houndoom,50,229,140,90,115,dark,35,2,0,48
95,45,95,1.8,75,Kingdra,50,230,95,95,85,water,152,2,0,42
60,120,60,0.5,90,Phanpy,50,231,40,40,40,ground,33.5,2,0,31
120,60,120,1.1,90,Donphan,50,232,60,60,50,ground,120,2,0,39.5
80,45,90,0.6,85,Porygon2,,233,105,95,60,normal,32.5,2,0,39.25
95,45,62,1.4,73,Stantler,50,234,85,65,85,normal,71.2,2,0,36.75
20,45,35,1.2,55,Smeargle,50,235,20,45,75,normal,58,2,0,26
35,75,35,0.7,35,Tyrogue,100,236,35,35,35,fighting,21,2,0,24
95,45,95,1.4,50,Hitmontop,100,237,35,110,70,fighting,48,2,0,36.25
30,45,15,0.4,45,Smoochum,0,238,85,65,65,ice,6,2,0,35.25
63,45,37,0.6,45,Elekid,75.4,239,65,55,95,electric,23.5,2,0,34.5
75,45,37,0.7,45,Magby,75.4,240,70,55,83,fire,21.4,2,0,34.25
80,45,105,1.2,95,Miltank,0,241,40,70,100,normal,75.5,2,0,38
10,30,10,1.5,255,Blissey,0,242,75,135,55,normal,46.8,2,0,40.5
85,3,75,1.9,90,Raikou,,243,115,100,115,electric,178,2,1,70.5
115,3,85,2.1,115,Entei,,244,90,75,100,fire,198,2,1,70
75,3,115,2,100,Suicune,,245,90,115,85,water,187,2,1,69
64,45,50,0.6,50,Larvitar,50,246,45,50,41,rock,72,2,0,29
84,45,70,1.2,70,Pupitar,50,247,65,70,51,rock,152,2,0,34.5
164,45,150,2,100,Tyranitar,50,248,95,120,71,rock,202,2,0,49
90,3,130,5.2,106,Lugia,,249,90,154,110,psychic,216,2,1,76
130,3,90,3.8,106,Ho-Oh,,250,110,154,90,fire,199,2,1,75
100,45,100,0.6,100,Celebi,,251,100,100,100,psychic,5,2,1,72
45,45,35,0.5,40,Treecko,88.1,252,65,55,70,grass,5,3,0,28
65,45,45,0.9,50,Grovyle,88.1,253,85,65,95,grass,21.6,3,0,32.75
110,45,75,1.7,70,Sceptile,88.1,254,145,85,145,grass,52.2,3,0,44
60,45,40,0.4,45,Torchic,88.1,255,70,50,45,fire,2.5,3,0,28.5
85,45,60,0.9,60,Combusken,88.1,256,85,60,55,fire,19.5,3,0,33.25
160,45,80,1.9,80,Blaziken,88.1,257,130,80,100,fire,52,3,0,44.5
70,45,50,0.4,50,Mudkip,88.1,258,50,50,40,water,7.6,3,0,27.5
85,45,70,0.7,70,Marshtomp,88.1,259,60,70,50,water,28,3,0,32.25
150,45,110,1.5,100,Swampert,88.1,260,95,110,70,water,81.9,3,0,43.75
55,255,35,0.5,35,Poochyena,50,261,30,30,35,dark,13.6,3,0,26
90,127,70,1,70,Mightyena,50,262,60,60,70,dark,37,3,0,36
30,255,41,0.4,38,Zigzagoon,50,263,30,41,60,normal,17.5,3,0,22.5
70,90,61,0.5,78,Linoone,50,264,50,61,100,normal,32.5,3,0,31.5
45,255,35,0.3,45,Wurmple,50,265,20,30,20,bug,3.6,3,0,20.25
35,120,55,0.6,50,Silcoon,50,266,25,25,15,bug,10,3,0,20.75
70,45,50,1,60,Beautifly,50,267,100,50,65,bug,28.4,3,0,30.25
35,120,55,0.7,50,Cascoon,50,268,25,25,15,bug,11.5,3,0,20.75
50,45,70,1.2,60,Dustox,50,269,50,90,65,bug,31.6,3,0,29.75
30,255,30,0.5,40,Lotad,50,270,40,50,30,water,2.6,3,0,23
50,120,50,1.2,60,Lombre,50,271,60,70,50,water,32.5,3,0,29
70,45,70,1.5,80,Ludicolo,50,272,90,100,70,water,55,3,0,36
40,255,50,0.5,40,Seedot,50,273,30,30,30,grass,4,3,0,23.5
70,120,40,1,70,Nuzleaf,50,274,60,40,60,grass,28,3,0,29.5
100,45,60,1.3,90,Shiftry,50,275,90,60,80,grass,59.6,3,0,36.5
55,200,30,0.3,40,Taillow,50,276,30,30,85,normal,2.3,3,0,24
85,45,60,0.7,60,Swellow,50,277,75,50,125,normal,19.8,3,0,33.25
30,190,30,0.6,40,Wingull,50,278,55,30,85,water,9.5,3,0,25.5
50,45,100,1.2,60,Pelipper,50,279,95,70,65,water,28,3,0,34
25,235,25,0.4,28,Ralts,50,280,45,35,40,psychic,6.6,3,0,23.9
35,120,35,0.8,38,Kirlia,50,281,65,55,50,psychic,20.2,3,0,27.9
85,45,65,1.6,68,Gardevoir,50,282,165,135,100,psychic,48.4,3,0,44.9
30,200,32,0.5,40,Surskit,50,283,50,52,65,bug,1.7,3,0,23.95
60,75,62,0.8,70,Masquerain,50,284,100,82,80,bug,3.6,3,0,33.2
40,255,60,0.4,60,Shroomish,50,285,40,60,35,grass,4.5,3,0,27.25
130,90,80,1.2,60,Breloom,50,286,60,60,70,grass,39.2,3,0,35.5
60,255,60,0.8,60,Slakoth,50,287,35,35,30,normal,24,3,0,24.5
80,120,80,1.4,80,Vigoroth,50,288,55,55,90,normal,46.5,3,0,32.5
160,45,100,2,150,Slaking,50,289,95,65,100,normal,130.5,3,0,44
45,255,90,0.5,31,Nincada,50,290,30,30,40,bug,5.5,3,0,23.8
90,120,45,0.8,61,Ninjask,50,291,50,50,160,bug,12,3,0,33.3
90,45,45,0.8,1,Shedinja,,292,30,30,40,bug,1.2,3,0,22.3
51,190,23,0.6,64,Whismur,50,293,51,23,28,normal,16.3,3,0,22.5
71,120,43,1,84,Loudred,50,294,71,43,48,normal,40.5,3,0,28.5
91,45,63,1.5,104,Exploud,50,295,91,73,68,normal,84,3,0,35
60,180,30,1,72,Makuhita,75.4,296,20,30,25,fighting,86.4,3,0,22.35
120,200,60,2.3,144,Hariyama,75.4,297,40,60,50,fighting,253.8,3,0,34.2
20,150,40,0.2,50,Azurill,24.6,298,20,40,20,normal,2,3,0,20
45,255,135,1,30,Nosepass,50,299,45,90,30,rock,97,3,0,29.75
45,255,45,0.6,50,Skitty,24.6,300,35,35,50,normal,11,3,0,23.5
65,60,65,1.1,70,Delcatty,24.6,301,55,55,90,normal,32.6,3,0,30.5
85,45,125,0.5,50,Sableye,50,302,85,115,20,dark,11,3,0,39
105,45,125,0.6,50,Mawile,50,303,55,95,50,steel,11.5,3,0,40
70,180,100,0.4,50,Aron,50,304,40,40,30,steel,60,3,0,32.5
90,90,140,0.9,60,Lairon,50,305,50,50,40,steel,120,3,0,37.5
140,45,230,2.1,70,Aggron,50,306,60,80,50,steel,360,3,0,47.5
40,180,55,0.6,30,Meditite,50,307,40,55,60,fighting,11.2,3,0,24.5
100,90,85,1.3,60,Medicham,50,308,80,85,100,fighting,31.5,3,0,36
45,120,40,0.6,40,Electrike,50,309,65,40,65,electric,15.2,3,0,28.25
75,45,80,1.5,70,Manectric,50,310,135,80,135,electric,40.2,3,0,42.25
50,200,40,0.4,60,Plusle,50,311,85,75,95,electric,4.2,3,0,33.75
40,200,50,0.4,60,Minun,50,312,75,85,95,electric,4.2,3,0,33.75
73,150,75,0.7,65,Volbeat,100,313,47,85,85,bug,17.7,3,0,32
47,150,75,0.6,65,Illumise,0,314,73,85,85,bug,17.7,3,0,32
60,150,45,0.3,50,Roselia,50,315,100,80,65,grass,2,3,0,32.5
43,225,53,0.4,70,Gulpin,50,316,43,53,40,poison,10.3,3,0,25.6
73,75,83,1.7,100,Swalot,50,317,73,83,55,poison,80,3,0,33.85
90,225,20,0.8,45,Carvanha,50,318,65,20,65,water,20.8,3,0,27.25
140,60,70,1.8,70,Sharpedo,50,319,110,65,105,water,88.8,3,0,40
70,125,35,2,130,Wailmer,50,320,70,35,60,water,130,3,0,32
90,60,45,14.5,170,Wailord,50,321,90,45,60,water,398,3,0,37
60,255,40,0.7,60,Numel,50,322,65,45,35,fire,24,3,0,28.25
120,150,100,1.9,70,Camerupt,50,323,145,105,20,fire,220,3,0,41
85,90,140,0.5,70,Torkoal,50,324,85,70,20,fire,80.4,3,0,36.5
25,255,35,0.7,60,Spoink,50,325,70,80,60,psychic,30.6,3,0,30.5
45,60,65,0.9,80,Grumpig,50,326,90,110,80,psychic,71.5,3,0,37.5
60,255,60,1.1,60,Spinda,50,327,60,60,60,normal,5,3,0,28.5
100,255,45,0.7,45,Trapinch,50,328,45,45,10,ground,15,3,0,26
70,120,50,1.1,50,Vibrava,50,329,50,50,70,ground,15.3,3,0,28.5
100,45,80,2,80,Flygon,50,330,80,80,100,ground,82,3,0,37.5
85,190,40,0.4,50,Cacnea,50,331,85,40,35,grass,51.3,3,0,29.25
115,60,60,1.3,70,Cacturne,50,332,115,60,55,grass,77.4,3,0,36.25
40,255,60,0.4,45,Swablu,50,333,40,75,50,normal,1.2,3,0,26
110,45,110,1.1,75,Altaria,50,334,110,105,80,dragon,20.6,3,0,49.5
115,90,60,1.3,73,Zangoose,50,335,60,60,90,normal,40.3,3,0,33.4
100,90,60,2.7,73,Seviper,50,336,100,60,65,poison,52.5,3,0,33.4
55,45,65,1,90,Lunatone,,337,95,85,70,rock,168,3,0,34
95,45,85,1.2,90,Solrock,,338,55,65,70,rock,154,3,0,34
48,190,43,0.4,50,Barboach,50,339,46,41,60,water,1.9,3,0,26.4
78,75,73,0.9,110,Whiscash,50,340,76,71,60,water,23.6,3,0,35.4
80,205,65,0.6,43,Corphish,50,341,50,35,35,water,11.5,3,0,27.4
120,155,85,1.1,63,Crawdaunt,50,342,90,55,55,water,32.8,3,0,35.4
40,255,55,0.5,40,Baltoy,,343,40,70,55,ground,21.5,3,0,26.5
70,90,105,1.5,60,Claydol,,344,70,120,75,ground,108,3,0,36.5
41,45,77,1,66,Lileep,88.1,345,61,87,23,rock,23.8,3,0,28.75
81,45,97,1.5,86,Cradily,88.1,346,81,107,43,rock,60.4,3,0,35.75
95,45,50,0.7,45,Anorith,88.1,347,40,50,75,rock,12.5,3,0,28.75
125,45,100,1.5,75,Armaldo,88.1,348,70,80,45,rock,68.2,3,0,35.75
15,255,20,0.6,20,Feebas,50,349,10,55,80,water,7.4,3,0,22
60,60,79,6.2,95,Milotic,50,350,100,125,81,water,162,3,0,39
70,45,70,0.3,70,Castform,50,351,70,70,70,normal,0.8,3,0,31.5
90,200,70,1,60,Kecleon,50,352,60,120,40,normal,22,3,0,32.5
75,225,35,0.6,44,Shuppet,50,353,63,33,45,ghost,2.3,3,0,32.75
165,45,75,1.1,64,Banette,50,354,93,83,75,ghost,12.5,3,0,45.75
40,190,90,0.8,20,Duskull,50,355,30,90,25,ghost,15,3,0,32.75
70,90,130,1.6,40,Dusclops,50,356,60,130,25,ghost,30.6,3,0,40.75
68,200,83,2,99,Tropius,50,357,72,87,51,grass,100,3,0,35.5
50,45,80,0.6,75,Chimecho,50,358,95,90,65,psychic,1,3,0,36.75
150,30,60,1.2,65,Absol,50,359,115,60,115,dark,47,3,0,43.25
23,125,48,0.6,95,Wynaut,50,360,23,48,23,psychic,14,3,0,27
50,190,50,0.7,50,Snorunt,50,361,50,50,50,ice,16.8,3,0,32
120,75,80,1.5,80,Glalie,50,362,120,80,100,ice,256.5,3,0,46
40,255,50,0.8,70,Spheal,50,363,55,50,25,ice,39.5,3,0,31.5
60,120,70,1.1,90,Sealeo,50,364,75,70,45,ice,87.6,3,0,37.5
80,45,90,1.4,110,Walrein,50,365,95,90,65,ice,150.6,3,0,43.5
64,255,85,0.4,35,Clamperl,50,366,74,55,32,water,52.5,3,0,29.25
104,60,105,1.7,55,Huntail,50,367,94,75,52,water,27,3,0,36.25
84,60,105,1.8,55,Gorebyss,50,368,114,75,52,water,22.6,3,0,36.25
90,25,130,1,100,Relicanth,88.1,369,45,65,55,water,23.4,3,0,36.25
30,225,55,0.6,43,Luvdisc,24.6,370,40,65,97,water,8.7,3,0,28.5
75,45,60,0.6,45,Bagon,50,371,40,30,50,dragon,42.1,3,0,35
95,45,100,1.1,65,Shelgon,50,372,60,50,50,dragon,110.5,3,0,41
145,45,130,1.5,95,Salamence,50,373,120,90,120,dragon,102.6,3,0,55
55,3,80,0.6,40,Beldum,,374,35,60,30,steel,95.2,3,0,31
75,3,100,1.2,60,Metang,,375,55,80,50,steel,202.5,3,0,37
145,3,150,1.6,80,Metagross,,376,105,110,110,steel,550,3,0,51
100,3,200,1.7,80,Regirock,,377,50,100,50,rock,230,3,1,65
50,3,100,1.8,80,Regice,,378,100,200,50,ice,175,3,1,71
75,3,150,1.9,80,Registeel,,379,75,150,50,steel,205,3,1,70
100,3,120,1.4,80,Latias,0,380,140,150,110,dragon,40,3,1,80
130,3,100,2,80,Latios,100,381,160,120,110,dragon,60,3,1,80
150,3,90,4.5,100,Kyogre,,382,180,160,90,water,352,3,1,75.5
180,3,160,3.5,100,Groudon,,383,150,90,90,ground,950,3,1,75
180,45,100,7,105,Rayquaza,,384,180,100,115,dragon,206.5,3,1,84
100,3,100,0.3,100,Jirachi,,385,100,100,100,steel,1.1,3,1,71
95,3,90,1.7,50,Deoxys,,386,95,90,180,psychic,60.8,3,1,69
68,45,64,0.4,55,Turtwig,88.1,387,45,55,31,grass,10.2,4,0,25.4
89,45,85,1.1,75,Grotle,88.1,388,55,65,36,grass,97,4,0,29.75
109,45,105,2.2,95,Torterra,88.1,389,75,85,56,grass,310,4,0,35.75
58,45,44,0.5,44,Chimchar,88.1,390,58,44,61,fire,6.2,4,0,25.45
78,45,52,0.9,64,Monferno,88.1,391,78,52,81,fire,22,4,0,30.25
104,45,71,1.2,76,Infernape,88.1,392,104,71,108,fire,55,4,0,36.7
51,45,53,0.4,53,Piplup,88.1,393,61,56,40,water,5.2,4,0,24.7
66,45,68,0.8,64,Prinplup,88.1,394,81,76,50,water,23,4,0,29.25
86,45,88,1.7,84,Empoleon,88.1,395,111,101,60,water,84.5,4,0,35.5
55,255,30,0.3,40,Starly,50,396,30,30,60,normal,2,4,0,19.75
75,120,50,0.6,55,Staravia,50,397,40,40,80,normal,15.5,4,0,24.5
120,45,70,1.2,85,Staraptor,50,398,50,60,100,normal,24.9,4,0,31.75
45,255,40,0.5,59,Bidoof,50,399,35,40,31,normal,20,4,0,20
85,127,60,1,79,Bibarel,50,400,55,60,71,normal,31.5,4,0,28
25,255,41,0.3,37,Kricketot,50,401,25,41,25,bug,2.2,4,0,17.2
85,45,51,1,77,Kricketune,50,402,55,51,65,bug,25.5,4,0,26.7
65,235,34,0.5,45,Shinx,50,403,40,34,45,electric,9.5,4,0,23.65
85,120,49,0.9,60,Luxio,50,404,60,49,60,electric,30.5,4,0,28.65
120,45,79,1.4,80,Luxray,50,405,95,79,70,electric,42,4,0,36.65
30,255,35,0.2,40,Budew,50,406,50,70,55,grass,1.2,4,0,23.5
70,75,65,0.9,60,Roserade,50,407,125,105,90,grass,14.5,4,0,35.25
125,45,40,0.9,67,Cranidos,88.1,408,30,30,58,rock,31.5,4,0,25.5
165,45,60,1.6,97,Rampardos,88.1,409,65,50,58,rock,102.5,4,0,32.75
42,45,118,0.5,30,Shieldon,88.1,410,42,88,30,rock,57,4,0,25.5
52,45,168,1.3,60,Bastiodon,88.1,411,47,138,30,rock,149.5,4,0,32.75
29,120,45,0.2,40,Burmy,50,412,29,45,36,bug,3.4,4,0,18.7
69,45,95,0.5,60,Wormadam,0,413,69,95,36,bug,6.5,4,0,28.7
94,45,50,0.9,70,Mothim,100,414,94,50,66,bug,23.3,4,0,28.7
30,120,42,0.3,30,Combee,88.1,415,30,42,70,bug,5.5,4,0,19.7
80,45,102,1.2,70,Vespiquen,0,416,80,102,40,bug,38.5,4,0,31.2
45,200,70,0.4,60,Pachirisu,50,417,45,90,95,electric,3.9,4,0,30.75
65,190,35,0.7,55,Buizel,50,418,60,30,85,water,29.5,4,0,25.5
105,75,55,1.1,85,Floatzel,50,419,85,50,115,water,33.5,4,0,33.75
35,190,45,0.4,45,Cherubi,50,420,62,53,35,grass,3.3,4,0,23.25
60,75,70,0.5,70,Cherrim,50,421,87,78,85,grass,9.3,4,0,32
48,190,48,0.3,76,Shellos,50,422,57,62,34,water,6.3,4,0,25.25
83,75,68,0.9,111,Gastrodon,50,423,92,82,39,water,29.9,4,0,32.75
100,45,66,1.2,75,Ambipom,50,424,60,66,115,normal,20.3,4,0,31.6
50,125,34,0.4,90,Drifloon,50,425,60,44,70,ghost,1.2,4,0,32.4
80,60,44,1.2,150,Drifblim,50,426,90,54,80,ghost,15,4,0,39.9
66,190,44,0.4,55,Buneary,50,427,44,56,85,normal,5.5,4,0,25
136,60,94,1.2,65,Lopunny,50,428,54,96,135,normal,33.3,4,0,36.5
60,45,60,0.9,60,Mismagius,50,429,105,105,105,ghost,4.4,4,0,39.75
125,30,52,0.9,100,Honchkrow,50,430,105,52,71,dark,27.3,4,0,37.25
55,190,42,0.5,49,Glameow,24.6,431,42,37,85,normal,3.9,4,0,23
82,75,64,1,71,Purugly,24.6,432,64,59,112,normal,43.8,4,0,30.1
30,120,50,0.2,45,Chingling,50,433,65,50,45,psychic,0.6,4,0,25.25
63,225,47,0.4,63,Stunky,50,434,41,41,74,poison,19.2,4,0,23.95
93,60,67,1,103,Skuntank,50,435,71,61,84,poison,38,4,0,31.45
24,255,86,0.5,57,Bronzor,,436,24,86,23,steel,60.5,4,0,28
89,90,116,1.3,67,Bronzong,,437,79,116,33,steel,187,4,0,38
80,255,95,0.5,50,Bonsly,50,438,10,45,10,rock,15,4,0,22.5
25,145,45,0.6,20,Mime Jr.,50,439,70,90,60,psychic,13,4,0,26.5
5,130,5,0.6,100,Happiny,0,440,15,65,30,normal,24.4,4,0,18.5
65,30,45,0.5,76,Chatot,50,441,92,42,91,normal,1.9,4,0,28.05
92,100,108,1,50,Spiritomb,50,442,92,108,35,ghost,108,4,0,39.25
70,45,45,0.7,58,Gible,50,443,40,45,42,dragon,20.5,4,0,32
90,45,65,1.4,68,Gabite,50,444,50,55,82,dragon,56,4,0,37.5
170,45,115,1.9,108,Garchomp,50,445,120,95,92,dragon,95,4,0,52
85,50,40,0.6,135,Munchlax,88.1,446,40,85,5,normal,105,4,0,27
70,75,40,0.7,40,Riolu,88.1,447,35,40,60,fighting,20.2,4,0,21.75
145,45,88,1.2,70,Lucario,88.1,448,140,70,112,fighting,54,4,0,38.75
72,140,78,0.8,68,Hippopotas,50,449,38,42,32,ground,49.5,4,0,25
112,60,118,2,108,Hippowdon,50,450,68,72,47,ground,300,4,0,34.75
50,120,90,0.8,40,Skorupi,50,451,30,55,65,poison,12,4,0,24
90,45,110,1.3,70,Drapion,50,452,60,75,95,poison,61.5,4,0,32.5
61,140,40,0.7,48,Croagunk,50,453,61,40,50,poison,23,4,0,22.5
106,75,65,1.3,83,Toxicroak,50,454,86,65,85,poison,44.4,4,0,32
100,200,72,1.4,74,Carnivine,50,455,90,72,46,grass,27,4,0,32.2
49,190,56,0.4,49,Finneon,50,456,49,61,66,water,7,4,0,25.5
69,75,76,1.2,69,Lumineon,50,457,69,86,91,water,24,4,0,32
20,25,50,1,45,Mantyke,50,458,60,120,50,water,65,4,0,26.25
62,120,50,1,60,Snover,50,459,62,60,40,grass,50.5,4,0,26.2
132,60,105,2.2,90,Abomasnow,50,460,132,105,30,grass,135.5,4,0,39.2
120,45,65,1.1,70,Weavile,50,461,45,85,125,dark,34,4,0,37.5
70,30,115,1.2,70,Magnezone,,462,130,90,60,electric,180,4,0,37.25
85,30,95,1.7,110,Lickilicky,50,463,80,95,50,normal,140,4,0,33.25
140,30,130,2.4,115,Rhyperior,50,464,55,55,40,ground,282.8,4,0,35.25
100,30,125,2,100,Tangrowth,50,465,110,50,50,grass,128.6,4,0,36.25
123,30,67,1.8,75,Electivire,75.4,466,95,85,95,electric,138.6,4,0,37.5
95,30,67,1.6,75,Magmortar,75.4,467,125,95,83,fire,68,4,0,37
50,30,95,1.5,85,Togekiss,88.1,468,120,115,80,fairy,38,4,0,43.25
76,30,86,1.9,86,Yanmega,50,469,116,56,95,bug,51.5,4,0,33.25
110,45,130,1,65,Leafeon,88.1,470,60,65,95,grass,25.5,4,0,35.75
60,45,110,0.8,65,Glaceon,88.1,471,130,95,65,ice,25.9,4,0,40.25
95,30,125,2,75,Gliscor,50,472,45,75,95,ground,42.5,4,0,34
130,50,80,2.5,110,Mamoswine,50,473,70,60,80,ice,291,4,0,40.5
80,30,70,0.9,85,Porygon-Z,,474,135,75,90,normal,34,4,0,34.25
165,45,95,1.6,68,Gallade,100,475,65,115,110,psychic,52,4,0,41.9
55,60,145,1.4,60,Probopass,50,476,75,150,40,rock,340,4,0,34.25
100,45,135,2.2,45,Dusknoir,50,477,65,135,45,ghost,106.6,4,0,41.25
80,75,70,1.3,70,Froslass,0,478,80,70,110,ice,26.6,4,0,38
65,45,107,0.3,50,Rotom,,479,105,107,86,electric,0.3,4,0,36.5
75,3,130,0.3,75,Uxie,,480,75,130,95,psychic,0.3,4,1,65
105,3,105,0.3,80,Mesprit,,481,105,105,80,psychic,0.3,4,1,65
125,3,70,0.3,75,Azelf,,482,125,70,115,psychic,0.3,4,1,65
120,3,120,5.4,100,Dialga,,483,150,100,90,steel,683,4,1,72
120,3,100,4.2,90,Palkia,,484,150,120,100,water,336,4,1,68
90,3,106,1.7,91,Heatran,50,485,130,106,77,fire,430,4,1,65
160,3,110,3.7,110,Regigigas,,486,80,110,100,normal,420,4,1,66
120,3,100,4.5,150,Giratina,,487,120,100,90,ghost,750,4,1,74
70,3,120,1.5,120,Cresselia,0,488,75,130,85,psychic,85.6,4,1,66
80,30,80,0.4,80,Phione,,489,80,80,80,water,3.1,4,0,33
100,3,100,0.3,100,Manaphy,,490,100,100,100,water,1.4,4,1,64
90,3,90,1.5,70,Darkrai,,491,135,90,125,dark,50.5,4,1,67
103,45,75,0.2,100,Shaymin,,492,120,75,127,grass,2.1,4,1,64.5
120,3,120,3.2,120,Arceus,,493,120,120,120,normal,320,4,1,68.5
100,3,100,0.4,100,Victini,,494,100,100,100,psychic,4,5,1,63
45,45,55,0.6,45,Snivy,88.1,495,45,55,63,grass,8.1,5,0,21.9
60,45,75,0.8,60,Servine,88.1,496,60,75,83,grass,16,5,0,27.15
75,45,95,3.3,75,Serperior,88.1,497,75,95,113,grass,63,5,0,32.9
63,45,45,0.5,65,Tepig,88.1,498,45,45,45,fire,9.9,5,0,22.4
93,45,55,1,90,Pignite,88.1,499,70,55,55,fire,55.5,5,0,27.9
123,45,65,1.6,110,Emboar,88.1,500,100,65,65,fire,150,5,0,33.4
55,45,45,0.5,55,Oshawott,88.1,501,63,45,45,water,5.9,5,0,21.4
75,45,60,0.8,75,Dewott,88.1,502,83,60,60,water,24.5,5,0,26.65
100,45,85,1.5,95,Samurott,88.1,503,108,70,70,water,94.6,5,0,32.4
55,255,39,0.5,45,Patrat,50,504,35,39,42,normal,11.6,5,0,17.25
85,255,69,1.1,60,Watchog,50,505,60,69,77,normal,27,5,0,25.5
60,255,45,0.4,45,Lillipup,50,506,25,45,55,normal,4.1,5,0,18.25
80,120,65,0.9,65,Herdier,50,507,35,65,60,normal,14.7,5,0,23
110,45,90,1.2,85,Stoutland,50,508,45,90,80,normal,61,5,0,29.5
50,255,37,0.4,41,Purrloin,50,509,50,37,66,dark,10.1,5,0,23.05
88,90,50,1.1,64,Liepard,50,510,88,50,106,dark,37.5,5,0,31.3
53,190,48,0.6,50,Pansage,88.1,511,53,48,64,grass,10.5,5,0,22.3
98,75,63,1.1,75,Simisage,88.1,512,98,63,101,grass,30.5,5,0,31.4
53,190,48,0.6,50,Pansear,88.1,513,53,48,64,fire,11,5,0,22.8
98,75,63,1,75,Simisear,88.1,514,98,63,101,fire,28,5,0,31.9
53,190,48,0.6,50,Panpour,88.1,515,53,48,64,water,13.5,5,0,21.8
98,75,63,1,75,Simipour,88.1,516,98,63,101,water,29,5,0,30.9
25,190,45,0.6,76,Munna,50,517,67,55,24,psychic,23.3,5,0,22.6
55,75,85,1.1,116,Musharna,50,518,107,95,29,psychic,60.5,5,0,32.35
55,255,50,0.3,50,Pidove,50,519,36,30,43,normal,2.1,5,0,17.7
77,120,62,0.6,62,Tranquill,50,520,50,42,65,normal,15,5,0,22.4
115,45,80,1.2,80,Unfezant,50,521,65,55,93,normal,29,5,0,28.9
60,190,32,0.8,45,Blitzle,50,522,50,32,76,electric,29.8,5,0,22.25
100,75,63,1.6,75,Zebstrika,50,523,80,63,116,electric,79.5,5,0,32.35
75,255,85,0.4,55,Roggenrola,50,524,25,25,15,rock,18,5,0,19
105,120,105,0.9,70,Boldore,50,525,50,40,20,rock,102,5,0,24.5
135,45,130,1.7,85,Gigalith,50,526,60,80,25,rock,260,5,0,30.75
45,190,43,0.4,65,Woobat,50,527,55,43,72,psychic,2.1,5,0,24.15
57,45,55,0.9,67,Swoobat,50,528,77,55,114,psychic,10.5,5,0,29.25
85,120,40,0.3,60,Drilbur,50,529,30,45,68,ground,8.5,5,0,21.9
135,60,60,0.7,110,Excadrill,50,530,50,65,88,ground,40.4,5,0,30.9
60,255,126,1.1,103,Audino,50,531,80,126,50,normal,31,5,0,31.75
80,180,55,0.6,75,Timburr,75.4,532,25,35,35,fighting,12.5,5,0,19.75
105,90,85,1.2,85,Gurdurr,75.4,533,40,50,40,fighting,40,5,0,24.75
140,45,95,1.4,105,Conkeldurr,75.4,534,55,65,45,fighting,87,5,0,29.75
50,255,40,0.5,50,Tympole,50,535,50,40,64,water,4.5,5,0,20.7
65,120,55,0.8,75,Palpitoad,50,536,65,55,69,water,17,5,0,25.2
95,45,75,1.5,105,Seismitoad,50,537,85,75,74,water,62,5,0,31.45
100,45,85,1.3,120,Throh,100,538,30,85,45,fighting,55.5,5,0,27.75
125,45,75,1.4,75,Sawk,100,539,30,75,85,fighting,51,5,0,27.75
53,255,70,0.3,45,Sewaddle,50,540,40,60,42,bug,2.5,5,0,20
63,120,90,0.5,55,Swadloon,50,541,50,80,42,bug,7.3,5,0,23.5
103,45,80,1.2,75,Leavanny,50,542,70,80,92,bug,20.5,5,0,29.5
45,255,59,0.4,30,Venipede,50,543,30,39,57,bug,5.3,5,0,17.5
55,120,99,1.2,40,Whirlipede,50,544,40,79,47,bug,58.5,5,0,22.5
100,45,89,2.5,60,Scolipede,50,545,55,69,112,bug,200.5,5,0,28.75
27,190,60,0.3,40,Cottonee,50,546,37,50,66,grass,0.6,5,0,20.5
67,75,85,0.7,60,Whimsicott,50,547,77,75,116,grass,6.6,5,0,30.5
35,190,50,0.5,45,Petilil,0,548,70,50,30,grass,6.6,5,0,20.5
60,75,75,1.1,70,Lilligant,0,549,110,75,90,grass,16.3,5,0,30.5
92,25,65,1,70,Basculin,50,550,80,55,98,water,18,5,0,29
72,180,35,0.7,50,Sandile,50,551,35,35,65,ground,15.2,5,0,20.1
82,90,45,1,60,Krokorok,50,552,45,45,74,ground,33.4,5,0,23.05
117,45,80,1.5,95,Krookodile,50,553,65,70,92,ground,96.3,5,0,31.45
90,120,45,0.6,70,Darumaka,50,554,15,45,50,fire,37.5,5,0,22.75
30,60,105,1.3,105,Darmanitan,50,555,140,105,55,fire,92.9,5,0,34
86,255,67,1,75,Maractus,50,556,106,67,60,grass,28,5,0,29.55
65,190,85,0.3,50,Dwebble,50,557,35,35,55,bug,14.5,5,0,20.75
105,75,125,1.4,70,Crustle,50,558,65,75,45,bug,200,5,0,28.75
75,180,70,0.6,50,Scraggy,50,559,35,70,48,dark,11.8,5,0,26.4
90,90,115,1.1,65,Scrafty,50,560,45,115,58,dark,30,5,0,33.4
58,45,80,1.4,72,Sigilyph,50,561,103,80,97,psychic,14,5,0,32.5
30,190,85,0.5,38,Yamask,50,562,55,65,30,ghost,1.5,5,0,27.15
50,90,145,1.7,58,Cofagrigus,50,563,95,105,30,ghost,76.5,5,0,36.15
78,45,103,0.7,54,Tirtouga,88.1,564,53,45,22,water,16.5,5,0,23.75
108,45,133,1.2,74,Carracosta,88.1,565,83,65,32,water,81,5,0,30.75
112,45,45,0.5,55,Archen,88.1,566,74,45,70,rock,9.5,5,0,25.05
140,45,65,1.4,75,Archeops,88.1,567,112,65,110,rock,32,5,0,33.35
50,190,62,0.6,50,Trubbish,50,568,40,62,65,poison,31,5,0,20.95
95,60,82,1.9,80,Garbodor,50,569,60,82,75,poison,107.3,5,0,28.2
65,75,40,0.7,40,Zorua,88.1,570,80,40,65,dark,12.5,5,0,25.5
105,45,60,1.6,60,Zoroark,88.1,571,120,60,105,dark,81.1,5,0,34.5
50,255,40,0.4,55,Minccino,24.6,572,40,40,75,normal,5.8,5,0,19.5
95,60,60,0.5,75,Cinccino,24.6,573,65,60,115,normal,7.5,5,0,28
30,200,50,0.4,45,Gothita,24.6,574,55,65,45,psychic,5.8,5,0,22.5
45,100,70,0.7,60,Gothorita,24.6,575,75,85,55,psychic,18,5,0,27.5
55,50,95,1.5,70,Gothitelle,24.6,576,95,110,65,psychic,44,5,0,32.5
30,200,40,0.3,45,Solosis,50,577,105,50,20,psychic,1,5,0,22.5
40,100,50,0.6,65,Duosion,50,578,125,60,30,psychic,8,5,0,26.5
65,50,75,1,110,Reuniclus,50,579,125,85,30,psychic,20.1,5,0,32.5
44,190,50,0.5,62,Ducklett,50,580,44,50,55,water,5.5,5,0,21.25
87,45,63,1.3,75,Swanna,50,581,87,63,98,water,24.2,5,0,29.65
50,255,50,0.4,36,Vanillite,50,582,65,60,44,ice,5.7,5,0,26.25
65,120,65,1.1,51,Vanillish,50,583,80,75,59,ice,41,5,0,30.75
95,45,85,1.3,71,Vanilluxe,50,584,110,95,79,ice,57.5,5,0,37.75
60,190,50,0.6,60,Deerling,50,585,40,50,75,normal,19.5,5,0,21.25
100,75,70,1.9,80,Sawsbuck,50,586,60,70,95,normal,92.5,5,0,28.25
75,200,60,0.4,55,Emolga,50,587,75,60,103,electric,5,5,0,28.9
75,200,45,0.5,50,Karrablast,50,588,40,45,60,bug,5.9,5,0,20.25
135,75,105,1,70,Escavalier,50,589,60,105,20,bug,33,5,0,29.25
55,190,45,0.2,69,Foongus,50,590,55,55,15,grass,1,5,0,21.2
85,75,70,0.6,114,Amoonguss,50,591,85,80,30,grass,10.5,5,0,29.7
40,190,50,1.2,55,Frillish,50,592,65,85,40,water,33,5,0,22.75
60,60,70,2.2,100,Jellicent,50,593,85,105,60,water,135,5,0,30
75,75,80,1.2,165,Alomomola,50,594,40,45,65,water,31.6,5,0,29.5
47,190,50,0.1,50,Joltik,50,595,57,50,65,bug,0.6,5,0,20.45
77,75,60,0.8,70,Galvantula,50,596,97,60,108,bug,14.3,5,0,28.1
50,255,91,0.6,44,Ferroseed,50,597,24,86,10,grass,18.8,5,0,21.75
94,90,131,1,74,Ferrothorn,50,598,54,116,20,grass,110,5,0,30.95
55,130,70,0.3,40,Klink,,599,45,60,30,steel,21,5,0,25
80,60,95,0.6,60,Klang,,600,70,85,50,steel,51,5,0,32
100,30,115,0.6,60,Klinklang,,601,70,85,90,steel,81,5,0,36
55,190,40,0.2,35,Tynamo,50,602,45,40,60,electric,0.3,5,0,21.25
85,60,70,1.2,65,Eelektrik,50,603,75,70,40,electric,22,5,0,27.75
115,30,80,2.1,85,Eelektross,50,604,105,80,50,electric,80.5,5,0,33.25
55,255,55,0.5,55,Elgyem,50,605,85,55,30,psychic,9,5,0,24.75
75,90,75,1,75,Beheeyem,50,606,125,95,40,psychic,34.5,5,0,32.25
30,190,55,0.3,50,Litwick,50,607,65,55,20,ghost,3.1,5,0,25.75
40,90,60,0.6,60,Lampent,50,608,95,60,55,ghost,13,5,0,30.5
55,45,90,1,60,Chandelure,50,609,145,90,80,ghost,34.3,5,0,38
87,75,60,0.6,46,Axew,50,610,30,40,57,dragon,18,5,0,30
117,60,70,1,66,Fraxure,50,611,40,50,67,dragon,36,5,0,34.5
147,45,90,1.8,76,Haxorus,50,612,60,70,97,dragon,105.5,5,0,41
70,120,40,0.5,55,Cubchoo,50,613,60,40,40,ice,8.5,5,0,26.25
130,60,80,2.6,95,Beartic,50,614,70,80,50,ice,260,5,0,36.25
50,25,50,1.1,80,Cryogonal,,615,95,135,105,ice,148,5,0,36.75
40,200,85,0.4,50,Shelmet,50,616,40,65,25,bug,7.7,5,0,19.75
70,75,40,0.8,80,Accelgor,50,617,100,60,145,bug,25.3,5,0,29.25
66,75,84,0.7,109,Stunfisk,50,618,81,99,32,ground,11,5,0,29.05
85,180,50,0.9,45,Mienfoo,50,619,55,50,65,fighting,20,5,0,22
125,45,60,1.4,65,Mienshao,50,620,95,60,105,fighting,35.5,5,0,30
120,45,90,1.6,77,Druddigon,50,621,60,90,48,dragon,139,5,0,38.25
74,190,50,1,59,Golett,,622,35,50,35,ground,92,5,0,20.65
124,90,80,2.8,89,Golurk,,623,55,80,55,ground,330,5,0,29.65
85,120,70,0.5,45,Pawniard,50,624,40,40,60,dark,10.2,5,0,26
125,45,100,1.6,65,Bisharp,50,625,60,70,70,dark,70,5,0,33.5
110,45,95,1.6,95,Bouffalant,50,626,40,95,55,normal,94.6,5,0,29
83,190,50,0.5,70,Rufflet,100,627,37,50,60,normal,10.5,5,0,22
123,60,75,1.5,100,Braviary,100,628,57,75,80,normal,41,5,0,30
55,190,75,0.5,70,Vullaby,0,629,45,65,60,dark,9,5,0,27.5
65,60,105,1.2,110,Mandibuzz,0,630,55,95,80,dark,39.5,5,0,34.5
97,90,66,1.4,85,Heatmor,50,631,105,66,65,fire,58,5,0,31.2
109,90,112,0.3,58,Durant,50,632,48,48,109,bug,33,5,0,28.7
65,45,50,0.8,52,Deino,50,633,45,50,38,dark,17.3,5,0,24
85,45,70,1.4,72,Zweilous,50,634,65,70,58,dark,50,5,0,30
105,45,90,1.8,92,Hydreigon,50,635,125,90,98,dark,160,5,0,39
85,45,55,1.1,55,Larvesta,50,636,50,55,60,bug,28.8,5,0,22.5
60,15,65,1.6,85,Volcarona,50,637,135,105,100,bug,46,5,0,32
90,3,129,2.1,91,Cobalion,,638,90,72,108,steel,250,5,1,64
129,3,90,1.9,91,Terrakion,,639,72,90,108,rock,260,5,1,59
90,3,72,2,91,Virizion,,640,90,129,108,grass,200,5,1,60.5
100,3,80,1.5,79,Tornadus,100,641,110,90,121,flying,63,5,1,59.5
105,3,70,1.5,79,Thundurus,100,642,145,80,101,electric,61,5,1,61.5
120,3,100,3.2,100,Reshiram,,643,150,120,90,dragon,330,5,1,73
150,3,120,2.9,100,Zekrom,,644,120,100,90,dragon,345,5,1,73
145,3,90,1.5,89,Landorus,100,645,105,80,91,ground,68,5,1,60.5
120,3,90,3,125,Kyurem,,646,170,100,95,dragon,325,5,1,74
72,3,90,1.4,91,Keldeo,,647,129,90,108,water,48.5,5,1,60
128,3,90,0.6,100,Meloetta,,648,77,77,128,normal,6.5,5,1,59.5
120,3,95,1.5,71,Genesect,,649,120,95,99,bug,82.5,5,1,59.5
61,45,65,0.4,56,Chespin,88.1,650,48,45,38,grass,9,6,0,20.65
78,45,95,0.7,61,Quilladin,88.1,651,56,58,57,grass,29,6,0,25.25
107,45,122,1.6,88,Chesnaught,88.1,652,74,75,64,grass,90,6,0,31.5
45,45,40,0.4,40,Fennekin,88.1,653,62,60,60,fire,9.4,6,0,20.85
59,45,58,1,59,Braixen,88.1,654,90,70,73,fire,14.5,6,0,25.95
69,45,72,1.5,75,Delphox,88.1,655,114,100,104,fire,39,6,0,32.2
56,45,40,0.3,41,Froakie,88.1,656,62,44,71,water,7,6,0,20.2
63,45,52,0.6,54,Frogadier,88.1,657,83,56,97,water,10.9,6,0,24.75
145,45,67,1.5,72,Greninja,88.1,658,153,71,132,water,40,6,0,36.5
36,255,38,0.4,38,Bunnelby,50,659,32,36,57,normal,5,6,0,14.85
56,127,77,1,85,Diggersby,50,660,50,77,78,normal,42.4,6,0,24.15
50,255,43,0.3,45,Fletchling,50,661,40,38,62,normal,1.7,6,0,16.9
73,120,55,0.7,62,Fletchinder,50,662,56,52,84,fire,16,6,0,24.6
81,45,71,1.2,78,Talonflame,50,663,74,69,126,fire,24.5,6,0,30.45
35,255,40,0.3,38,Scatterbug,50,664,27,25,35,bug,2.5,6,0,13
22,120,60,0.3,45,Spewpa,50,665,27,30,29,bug,8.4,6,0,13.65
52,45,50,1.2,80,Vivillon,50,666,90,50,89,bug,17,6,0,23.55
50,220,58,0.6,62,Litleo,11.2,667,73,54,72,fire,13.5,6,0,23.95
68,65,72,1.5,86,Pyroar,11.2,668,109,66,106,fire,81.5,6,0,30.85
38,225,39,0.1,44,Flabébé,0,669,61,79,42,fairy,0.1,6,0,26.65
65,120,67,0.2,74,Floette,0,670,125,128,92,fairy,0.9,6,0,39.05
65,45,68,1.1,78,Florges,0,671,112,154,75,fairy,10,6,0,39.1
65,200,48,0.9,66,Skiddo,50,672,62,57,52,grass,31,6,0,22.5
100,45,62,1.7,123,Gogoat,50,673,97,81,68,grass,91,6,0,31.55
82,220,62,0.6,67,Pancham,50,674,46,48,43,fighting,8,6,0,20.4
124,65,78,2.1,95,Pangoro,50,675,69,71,58,fighting,136,6,0,27.75
80,160,60,1.2,75,Furfrou,50,676,65,90,102,normal,28,6,0,26.6
48,190,54,0.3,62,Espurr,50,677,63,60,68,psychic,3.5,6,0,24.25
48,75,76,0.6,74,Meowstic,50,678,83,81,104,psychic,8.5,6,0,29.8
80,180,100,0.8,45,Honedge,50,679,35,37,28,steel,2,6,0,24.75
110,90,150,0.8,59,Doublade,50,680,45,49,35,steel,4.5,6,0,30.9
150,45,50,1.7,60,Aegislash,50,681,150,50,60,steel,53,6,0,34.5
52,200,60,0.2,78,Spritzee,50,682,63,65,23,fairy,0.5,6,0,28.55
72,140,72,0.8,101,Aromatisse,50,683,99,89,29,fairy,15.5,6,0,34.6
48,200,66,0.4,62,Swirlix,50,684,59,57,49,fairy,3.5,6,0,28.55
80,140,86,0.8,82,Slurpuff,50,685,85,75,72,fairy,5,6,0,35.5
54,190,53,0.4,53,Inkay,50,686,37,46,45,dark,3.5,6,0,21.9
92,80,88,1.5,86,Malamar,50,687,68,75,73,dark,47,6,0,31.6
52,120,67,0.5,42,Binacle,50,688,39,56,50,rock,31,6,0,18.8
105,45,115,1.3,72,Barbaracle,50,689,54,86,68,rock,96,6,0,28.5
60,225,60,0.5,50,Skrelp,50,690,60,60,30,poison,7.3,6,0,19
75,55,90,1.8,65,Dragalge,50,691,97,123,44,poison,81.5,6,0,27.7
53,225,62,0.5,50,Clauncher,50,692,58,63,44,water,8.3,6,0,21
73,55,88,1.3,71,Clawitzer,50,693,120,89,59,water,35.3,6,0,29.5
38,190,33,0.5,44,Helioptile,50,694,61,43,70,electric,6,6,0,20.45
55,75,52,1,62,Heliolisk,50,695,109,94,109,electric,21,6,0,30.05
89,45,77,0.8,58,Tyrunt,88.1,696,45,45,48,rock,26,6,0,21.6
121,45,119,2.5,82,Tyrantrum,88.1,697,69,59,71,rock,270,6,0,29.55
59,45,50,1.3,77,Amaura,88.1,698,67,63,46,rock,25.2,6,0,21.6
77,45,72,2.7,123,Aurorus,88.1,699,99,92,58,rock,225,6,0,29.55
65,45,65,1,95,Sylveon,88.1,700,110,130,60,fairy,23.5,6,0,37.75
92,100,75,0.8,78,Hawlucha,50,701,74,63,118,fighting,21.5,6,0,28
58,180,57,0.2,67,Dedenne,50,702,81,67,101,electric,2.2,6,0,27.55
50,60,150,0.3,50,Carbink,,703,50,150,50,rock,5.7,6,0,28.5
50,45,35,0.3,45,Goomy,50,704,55,75,40,dragon,2.8,6,0,27.5
75,45,53,0.8,68,Sliggoo,50,705,83,113,60,dragon,17.5,6,0,35.1
100,45,70,2,90,Goodra,50,706,110,150,80,dragon,150.5,6,0,42.5
80,75,91,0.2,57,Klefki,50,707,80,87,75,steel,3,6,0,32
70,120,48,0.4,43,Phantump,50,708,50,60,38,ghost,7,6,0,25.95
110,60,76,1.5,85,Trevenant,50,709,65,82,56,ghost,71,6,0,34.2
66,120,70,0.8,59,Pumpkaboo,50,710,44,55,41,ghost,15,6,0,27.25
100,60,122,1.7,85,Gourgeist,50,711,58,75,54,ghost,39,6,0,35.2
69,190,85,1,55,Bergmite,50,712,32,35,28,ice,99.5,6,0,24.7
117,55,184,2,95,Avalugg,50,713,44,46,28,ice,505,6,0,35.2
30,190,35,0.5,40,Noibat,50,714,45,40,55,flying,8,6,0,16.25
70,45,80,1.5,85,Noivern,50,715,97,80,123,flying,85,6,0,30.75
131,45,95,3,126,Xerneas,,716,131,98,99,fairy,215,6,1,70.5
131,45,95,5.8,126,Yveltal,,717,131,98,99,dark,203,6,1,66.5
100,3,121,5,216,Zygarde,,718,91,95,85,dragon,284.6,6,1,72.9
160,3,110,0.7,50,Diancie,,719,160,110,110,rock,8.8,6,1,63.5
160,3,60,,80,Hoopa,,720,170,130,80,psychic,,6,1,65.5
110,3,120,1.7,80,Volcanion,,721,130,90,70,fire,195,6,1,60.5
55,45,55,0.3,68,Rowlet,88.1,722,50,50,42,grass,1.5,7,0,20.25
75,45,75,0.7,78,Dartrix,88.1,723,70,70,52,grass,16,7,0,25.25
107,45,75,1.6,78,Decidueye,88.1,724,100,100,70,grass,36.6,7,0,30.75
65,45,40,0.4,45,Litten,88.1,725,60,40,70,fire,4.3,7,0,20.75
85,45,50,0.7,65,Torracat,88.1,726,80,50,90,fire,25,7,0,25.75
115,45,90,1.8,95,Incineroar,88.1,727,80,90,60,fire,83,7,0,31.25
54,45,54,0.4,50,Popplio,88.1,728,66,56,40,water,7.5,7,0,19.75
69,45,69,0.6,60,Brionne,88.1,729,91,81,50,water,17.5,7,0,24.75
74,45,74,1.8,80,Primarina,88.1,730,126,116,60,water,44,7,0,30.25
75,255,30,0.3,35,Pikipek,50,731,30,30,65,normal,1.2,7,0,15.5
85,120,50,0.6,55,Trumbeak,50,732,40,50,75,normal,14.8,7,0,20
120,45,75,1.1,80,Toucannon,50,733,75,75,60,normal,26,7,0,26.5
70,255,30,0.4,48,Yungoos,50,734,30,30,45,normal,6,7,0,14.9
110,127,60,0.7,88,Gumshoos,50,735,55,60,45,normal,14.2,7,0,23.15
62,255,45,0.4,47,Grubbin,50,736,55,45,46,bug,4.4,7,0,17.25
82,120,95,0.5,57,Charjabug,50,737,55,75,36,bug,10.5,7,0,22.25
70,45,90,1.5,77,Vikavolt,50,738,145,75,43,bug,45,7,0,27.25
82,225,57,0.6,47,Crabrawler,50,739,42,47,63,fighting,7,7,0,19.15
132,60,77,1.7,97,Crabominable,50,740,62,67,43,fighting,180,7,0,26.15
70,45,70,0.6,75,Oricorio,24.6,741,98,70,93,fire,3.4,7,0,28.55
45,190,40,0.1,40,Cutiefly,50,742,55,40,84,bug,0.2,7,0,17.45
55,75,60,0.2,60,Ribombee,50,743,95,70,124,bug,0.5,7,0,25.45
65,190,40,0.5,45,Rockruff,50,744,30,40,60,rock,9.2,7,0,16.75
115,90,75,,85,Lycanroc,50,745,55,75,82,rock,,7,0,27.1
140,60,130,0.2,45,Wishiwashi,50,746,140,135,30,water,0.3,7,0,34.75
53,190,62,0.4,50,Mareanie,50,747,43,52,45,poison,8,7,0,17.5
63,75,152,0.7,50,Toxapex,50,748,53,142,35,poison,14.5,7,0,27
100,190,70,1,70,Mudbray,50,749,45,55,45,ground,110,7,0,22.5
125,60,100,2.5,100,Mudsdale,50,750,55,85,35,ground,920,7,0,28.25
40,200,52,0.3,38,Dewpider,50,751,40,72,27,water,4,7,0,17.2
70,100,92,1.8,68,Araquanid,50,752,50,132,42,water,82,7,0,26.45
55,190,35,0.3,40,Fomantis,50,753,50,35,35,grass,1.5,7,0,16.75
105,75,90,0.9,70,Lurantis,50,754,80,90,45,grass,18.5,7,0,28.25
35,190,55,0.2,40,Morelull,50,755,65,75,15,grass,1.5,7,0,18.5
45,75,80,1,60,Shiinotic,50,756,90,100,30,grass,11.5,7,0,24.5
44,120,40,0.6,48,Salandit,88.1,757,71,40,77,poison,4.8,7,0,18.25
64,45,60,1.2,68,Salazzle,0,758,111,60,117,poison,22.2,7,0,26.25
75,140,50,0.5,70,Stufful,50,759,45,50,50,normal,6.8,7,0,19.25
125,70,80,2.1,120,Bewear,50,760,55,60,60,normal,135,7,0,27.25
30,235,38,0.3,42,Bounsweet,0,761,30,38,32,grass,3.2,7,0,14.75
40,120,48,0.7,52,Steenee,0,762,40,48,62,grass,8.2,7,0,18.75
120,45,98,1.2,72,Tsareena,0,763,50,98,72,grass,21.4,7,0,29.75
52,60,90,0.1,51,Comfey,24.6,764,82,110,100,fairy,0.3,7,0,35
60,45,80,1.5,90,Oranguru,50,765,90,110,60,normal,76,7,0,26.75
120,45,90,2,100,Passimian,50,766,40,60,80,fighting,82.8,7,0,26.75
35,90,40,0.5,25,Wimpod,50,767,20,30,80,bug,12,7,0,13.75
125,45,140,2,75,Golisopod,50,768,60,90,40,bug,108,7,0,28.75
55,140,80,0.5,55,Sandygast,50,769,70,45,15,ghost,70,7,0,25.75
75,60,110,1.3,85,Palossand,50,770,100,75,35,ghost,250,7,0,33.75
60,60,130,0.3,55,Pyukumuku,50,771,30,130,5,water,1.2,7,0,24.25
95,3,95,1.9,95,Type: Null,,772,95,95,59,normal,120.5,7,0,28.95
95,3,95,2.3,95,Silvally,,773,95,95,95,normal,100.5,7,0,30.75
100,30 (Meteorite)255 (Core),60,0.3,60,Minior,,774,100,60,120,rock,40,7,0,27.75
115,45,65,0.4,65,Komala,50,775,75,95,65,normal,19.9,7,0,26.25
78,70,135,2,60,Turtonator,50,776,91,85,36,fire,212,7,0,29
98,180,63,0.3,65,Togedemaru,50,777,40,73,96,electric,3.3,7,0,27
90,45,80,0.2,55,Mimikyu,50,778,50,105,96,ghost,0.7,7,0,33.55
105,80,70,0.9,68,Bruxish,50,779,70,70,92,water,19,7,0,27.5
60,70,85,3,78,Drampa,50,780,135,91,36,normal,185,7,0,26.5
131,25,100,3.9,70,Dhelmise,,781,86,90,40,ghost,210,7,0,35.6
55,45,65,0.6,45,Jangmo-o,50,782,45,45,45,dragon,29.7,7,0,26.75
75,45,90,1.2,55,Hakamo-o,50,783,65,70,65,dragon,47,7,0,32.75
110,45,125,1.6,75,Kommo-o,50,784,100,105,85,dragon,78.2,7,0,41.75
115,3,85,1.8,70,Tapu Koko,,785,95,75,130,electric,20.5,7,1,58.75
85,3,75,1.2,70,Tapu Lele,,786,130,115,95,psychic,18.6,7,1,59.25
130,3,115,1.9,70,Tapu Bulu,,787,85,95,75,grass,45.5,7,1,57.75
75,3,115,1.3,70,Tapu Fini,,788,95,130,85,water,21.2,7,1,57.25
29,45,31,0.2,43,Cosmog,,789,29,31,37,psychic,0.1,7,1,40.75
29,45,131,0.1,43,Cosmoem,,790,29,131,37,psychic,999.9,7,1,50.75
137,45,107,3.4,137,Solgaleo,,791,113,89,97,psychic,230,7,1,64.75
113,45,89,4,137,Lunala,,792,137,107,97,psychic,120,7,1,64.75
53,45,47,1.2,109,Nihilego,,793,127,131,103,rock,55.5,7,1,56.25
139,25,139,2.4,107,Buzzwole,,794,53,53,79,bug,333.6,7,1,55.75
137,255,37,1.8,71,Pheromosa,,795,137,37,151,bug,25,7,1,55.75
89,30,71,3.8,83,Xurkitree,,796,173,71,83,electric,100,7,1,58.75
101,25,103,9.2,97,Celesteela,,797,107,101,61,steel,999.9,7,1,61.25
181,255,131,0.3,59,Kartana,,798,59,31,109,grass,0.1,7,1,57.75
101,15,53,5.5,223,Guzzlord,,799,97,53,43,dark,888,7,1,60.25
107,3,101,2.4,97,Necrozma,,800,127,89,79,psychic,230,7,1,60.75
95,3,115,1,80,Magearna,,801,130,115,65,steel,80.5,7,1,62.75
